video,date,batch,experiment_type,left_shelter_odor,right_shelter_odor,animal_id,tracking_efficiency,avg_likelihood,valid_frames,total_frames,percent_frames_analyzed,avg_segment_length,max_segment_length,min_segment_length,num_segments,tracking_quality,mean_speed_cm_s,max_speed_cm_s,min_speed_cm_s,median_speed_cm_s,std_speed_cm_s,total_distance_cm,net_displacement_cm,straightness_index,mean_step_length_cm,mean_velocity_x,mean_velocity_y,std_velocity_x,std_velocity_y,stationary_frames,slow_frames,medium_frames,fast_frames,total_movement_frames,percent_stationary,percent_slow,percent_medium,percent_fast,activity_ratio,error
Basler_G02_acA2040-90um (24827095)_20250820_161513132DLC_Resnet50_Group_AnalysisSep5shuffle1_snapshot_best-180_el.csv,2025-08-20,2,Iso/Nothing,Iso,Nothing,individual_c01,44.87072560467056,0.9713139303554833,538,1199,44.87072560467056,4.373983739837398,25,1,123,Poor,20.432874568478564,124.08460398708974,0.0006385256196212169,7.274798530697018,31.908083916086813,5486.226821636495,35.88258806533449,0.006540485698444203,10.21643728423928,0.13012463122360501,0.030454505216127067,30.02399746611871,23.11211583964511,61,75,57,344,537,11.359404096834265,13.966480446927374,10.614525139664805,64.05959031657356,0.8864059590316573,
Basler_G02_acA2040-90um (24827095)_20250820_161513132DLC_Resnet50_Group_AnalysisSep5shuffle1_snapshot_best-180_el.csv,2025-08-20,2,Iso/Nothing,Iso,Nothing,individual_c02,33.19432860717264,0.9697142941268844,398,1199,33.19432860717264,4.795180722891566,31,1,83,Poor,21.10745204935436,124.55002834348393,0.0014966778597984016,7.553640047221336,32.72413172864423,4189.829231796842,31.715083824603806,0.007569540921600411,10.55372602467718,-0.1396502439561357,0.07762378254739809,27.831749137824584,27.23529955216943,51,45,40,261,397,12.846347607052897,11.335012594458437,10.075566750629724,65.74307304785894,0.871536523929471,
Basler_G02_acA2040-90um (24827095)_20250820_161513132DLC_Resnet50_Group_AnalysisSep5shuffle1_snapshot_best-180_el.csv,2025-08-20,2,Iso/Nothing,Iso,Nothing,individual_c00,37.7814845704754,0.9695260761589404,453,1199,37.7814845704754,4.4411764705882355,24,1,102,Poor,22.915537742917778,125.69544753551068,0.0023928625917989032,11.660367151403076,29.46628875992414,5178.911529899417,22.61659214735169,0.004367055126695887,11.457768871458887,-0.06415755588999289,-0.07680167139103979,27.79247359745687,24.918917311477987,56,36,30,330,452,12.389380530973451,7.964601769911504,6.637168141592921,73.00884955752213,0.8761061946902655,
Basler_G02_acA2040-90um (24827095)_20250820_161513132DLC_Resnet50_Group_AnalysisSep5shuffle1_snapshot_best-180_el.csv,2025-08-20,2,Iso/Nothing,Iso,Nothing,individual_c04,27.27272727272727,0.978508158925841,327,1199,27.27272727272727,6.288461538461538,41,1,52,Poor,11.02544010480747,121.24537153532086,0.0014109190267229238,0.4016449481289871,24.64495575975881,1797.1467370836178,34.31310957584905,0.019093104011936073,5.512720052403735,-0.13683852681353065,-0.15996757460518107,19.86051384789848,18.28797006764974,142,30,30,124,326,43.558282208588956,9.202453987730062,9.202453987730062,38.036809815950924,0.5644171779141104,
Basler_G02_acA2040-90um (24827095)_20250820_161513132DLC_Resnet50_Group_AnalysisSep5shuffle1_snapshot_best-180_el.csv,2025-08-20,2,Iso/Nothing,Iso,Nothing,individual_c03,25.18765638031693,0.9704266478683775,302,1199,25.18765638031693,6.425531914893617,25,1,47,Poor,8.733555889446444,117.5524885650717,0.0017385620243819194,1.2669541203494663,19.169197292865277,1314.4001613616897,51.61865199360016,0.0392716415525424,4.366777944723222,-0.2947024149412672,0.175460837155538,13.53379752714227,16.138519504664867,96,48,30,127,301,31.893687707641195,15.946843853820598,9.966777408637874,42.19269102990033,0.6810631229235881,
Basler_G06_acA2040-90um (24827095)_20250827_152835726DLC_Resnet50_Group_AnalysisSep5shuffle1_snapshot_best-180_el.csv,2025-08-27,6,Iso/Feces,Feces,Iso,individual_c01,58.368026644462944,0.9676195000445792,701,1201,58.368026644462944,6.740384615384615,48,1,104,Low,17.273523894079272,126.36677023365844,0.0018596070867995605,6.464227514625785,29.202636470012333,6045.733362927746,58.11149239523623,0.009611984007031164,8.636761947039636,0.1630885719766421,0.031129088109853334,25.34546397567589,22.55545374126403,122,65,63,450,700,17.42857142857143,9.285714285714286,9.0,64.28571428571429,0.8257142857142857,
Basler_G06_acA2040-90um (24827095)_20250827_152835726DLC_Resnet50_Group_AnalysisSep5shuffle1_snapshot_best-180_el.csv,2025-08-27,6,Iso/Feces,Feces,Iso,individual_c02,10.491257285595337,0.9723578559027778,126,1201,10.491257285595337,6.631578947368421,34,1,19,Poor,13.82537898122604,112.43722100171419,0.00413357739720995,3.305082352147335,26.58610632449369,864.0861863266273,0.8804106735816256,0.001018892197923446,6.912689490613018,0.004811427525111434,0.01323939732142858,21.944453227168744,20.40595323921274,43,8,8,66,125,34.4,6.4,6.4,52.800000000000004,0.656,
Basler_G06_acA2040-90um (24827095)_20250827_152835726DLC_Resnet50_Group_AnalysisSep5shuffle1_snapshot_best-180_el.csv,2025-08-27,6,Iso/Feces,Feces,Iso,individual_c00,63.53039134054954,0.9618878245822412,763,1201,63.53039134054954,5.9147286821705425,30,1,129,Low,18.08493140099361,123.06814370032643,0.002071380615234375,6.599351028920543,29.776417056293024,6890.358863778566,46.26512319629903,0.006714472222848485,9.042465700496807,0.10808961007941023,0.05533595562517572,27.309077644899567,21.630979849327158,133,91,66,472,762,17.454068241469816,11.94225721784777,8.661417322834646,61.942257217847775,0.8254593175853019,
Basler_G06_acA2040-90um (24827095)_20250827_152835726DLC_Resnet50_Group_AnalysisSep5shuffle1_snapshot_best-180_el.csv,2025-08-27,6,Iso/Feces,Feces,Iso,individual_c04,46.54454621149042,0.9658447702370304,559,1201,46.54454621149042,6.211111111111111,21,1,90,Poor,14.465639053503503,124.7779972187241,0.00041870839856106897,3.791412232212677,27.13052077506741,4035.9132959274784,11.315592672218257,0.002803725412940979,7.232819526751753,0.02589720820257473,0.03121313826584909,22.634439713212302,20.808660809772814,169,56,37,296,558,30.286738351254485,10.03584229390681,6.630824372759856,53.04659498207885,0.6971326164874552,
Basler_G06_acA2040-90um (24827095)_20250827_152835726DLC_Resnet50_Group_AnalysisSep5shuffle1_snapshot_best-180_el.csv,2025-08-27,6,Iso/Feces,Feces,Iso,individual_c03,14.571190674437966,0.9658370535714286,175,1201,14.571190674437966,6.481481481481482,19,1,27,Poor,9.499743082079547,118.15788435644934,0.003481440334620598,3.9844044781413457,17.384472971926893,826.4776481409207,48.72698134531417,0.058957409743531086,4.749871541039774,-0.4074133761802138,0.384323070006222,14.784997705036945,13.174034010810717,52,19,10,93,174,29.88505747126437,10.919540229885058,5.747126436781609,53.44827586206896,0.7011494252873564,
Basler_G05_acA2040-90um (24827095)_20250826_154726773DLC_Resnet50_Group_AnalysisSep5shuffle1_snapshot_best-180_el.csv,2025-08-26,5,Iso/Feces,Iso,Feces,individual_c01,41.04912572855953,0.9635710493788032,493,1201,41.04912572855953,4.93,23,1,100,Poor,13.476942901823442,123.0299429752517,0.005532868157417113,2.0057696379988235,24.784269129012053,3315.3279538485667,54.088566854960376,0.01631469574289692,6.738471450911722,0.21235729620708693,0.05699274681171048,21.646400944575014,18.0906873443374,123,95,44,230,492,25.0,19.308943089430894,8.94308943089431,46.7479674796748,0.75,
Basler_G05_acA2040-90um (24827095)_20250826_154726773DLC_Resnet50_Group_AnalysisSep5shuffle1_snapshot_best-180_el.csv,2025-08-26,5,Iso/Feces,Iso,Feces,individual_c02,27.726894254787677,0.9521762973911412,333,1201,27.726894254787677,5.741379310344827,22,1,58,Poor,8.146970007632074,122.26844522622598,0.0034158243954225363,0.6350552106796916,18.115821426302066,1352.3970212669244,45.58737703715354,0.03370857545548815,4.073485003816037,0.27388618981366303,0.020100040402962243,17.325082497209277,9.71196195746356,109,66,16,141,332,32.831325301204814,19.879518072289155,4.819277108433735,42.46987951807229,0.6716867469879518,
Basler_G05_acA2040-90um (24827095)_20250826_154726773DLC_Resnet50_Group_AnalysisSep5shuffle1_snapshot_best-180_el.csv,2025-08-26,5,Iso/Feces,Iso,Feces,individual_c00,61.94837635303914,0.9632568359375,744,1201,61.94837635303914,6.2521008403361344,51,1,119,Low,15.244623154645245,123.75005954508562,0.00045774291114699663,3.164772957802667,25.623665097985914,5663.377501950708,37.06479869478841,0.006544645608035437,7.622311577322622,0.05579119291564094,0.08271352118470301,23.92181737769959,17.796276221307753,210,113,44,376,743,28.263795423956932,15.208613728129205,5.921938088829071,50.6056527590848,0.7173620457604307,
Basler_G05_acA2040-90um (24827095)_20250826_154726773DLC_Resnet50_Group_AnalysisSep5shuffle1_snapshot_best-180_el.csv,2025-08-26,5,Iso/Feces,Iso,Feces,individual_c04,50.707743547044124,0.9658299338054187,609,1201,50.707743547044124,6.151515151515151,30,1,99,Low,17.080646045479288,122.26169945106285,0.0011104031080910535,4.994766363916532,27.998574906674534,5192.516397825702,62.09869950864528,0.011959268830551656,8.540323022739642,-0.19377596575514702,-0.06463699054000972,25.88918365300143,20.133978962225154,148,82,42,336,608,24.342105263157894,13.486842105263158,6.907894736842106,55.26315789473685,0.756578947368421,
Basler_G05_acA2040-90um (24827095)_20250826_154726773DLC_Resnet50_Group_AnalysisSep5shuffle1_snapshot_best-180_el.csv,2025-08-26,5,Iso/Feces,Iso,Feces,individual_c03,28.642797668609493,0.9706122819767442,344,1201,28.642797668609493,3.8222222222222224,21,1,90,Poor,20.756408280154776,118.29091266662769,0.0015687971314445844,9.675778754744112,28.697908952419514,3559.7240200465435,29.70241346685842,0.008344021418399189,10.378204140077386,0.1461930535128593,0.09286027469023307,25.78646180202633,24.278114737906723,75,26,20,222,343,21.865889212827987,7.580174927113703,5.830903790087463,64.72303206997084,0.7813411078717201,
Basler_G03_acA2040-90um (24827095)_20250823_174448601DLC_Resnet50_Group_AnalysisSep5shuffle1_snapshot_best-180_el.csv,2025-08-23,3,Feces/Nothing,Nothing,Feces,individual_c01,63.11407160699417,0.9630600418453166,758,1201,63.11407160699417,6.162601626016261,46,1,123,Low,15.950014792498862,123.85725398056861,0.0018915724407861862,5.405085877256158,27.5837119748716,6037.08059896082,62.24533822470499,0.010310503099034234,7.975007396249431,0.1634094208045871,-0.01849443558410206,24.15413297243115,20.780157695762725,111,91,80,475,757,14.663143989431967,12.021136063408191,10.568031704095112,62.74768824306472,0.8533685601056803,
Basler_G03_acA2040-90um (24827095)_20250823_174448601DLC_Resnet50_Group_AnalysisSep5shuffle1_snapshot_best-180_el.csv,2025-08-23,3,Feces/Nothing,Nothing,Feces,individual_c02,40.049958368026644,0.9736683423206861,481,1201,40.049958368026644,7.287878787878788,46,1,66,Poor,8.249273861437077,122.49519924711608,0.00031781399360896574,2.4064224722614327,16.952202959932162,1979.8257267448987,20.776250399580658,0.010493979403803195,4.124636930718539,0.0776940482003348,-0.0381785710652669,13.295291880412913,13.366204557836669,119,76,56,229,480,24.791666666666668,15.833333333333332,11.666666666666666,47.708333333333336,0.7520833333333333,
Basler_G03_acA2040-90um (24827095)_20250823_174448601DLC_Resnet50_Group_AnalysisSep5shuffle1_snapshot_best-180_el.csv,2025-08-23,3,Feces/Nothing,Nothing,Feces,individual_c00,65.86178184845963,0.9738297299699747,791,1201,65.86178184845963,7.91,46,1,100,Low,14.377894481026699,120.86025568016684,0.0009983607700892857,5.109276861155191,24.91805315013461,5679.268320005545,61.929225986225276,0.010904437419883131,7.1889472405133485,0.14164475066752386,-0.06721329369984753,23.60973913594415,16.437422534293418,110,99,97,484,790,13.924050632911392,12.531645569620252,12.278481012658228,61.26582278481013,0.8607594936708861,
Basler_G03_acA2040-90um (24827095)_20250823_174448601DLC_Resnet50_Group_AnalysisSep5shuffle1_snapshot_best-180_el.csv,2025-08-23,3,Feces/Nothing,Nothing,Feces,individual_c04,48.2098251457119,0.9626747355354058,579,1201,48.2098251457119,5.676470588235294,20,1,102,Poor,11.96832376720225,123.5895418793084,0.0003853549457412333,4.440576686034493,22.5086258775229,3458.8455687214505,11.9553368075582,0.0034564529031509915,5.984161883601125,0.016813890096048896,0.03779682757179154,19.777427034305564,16.085107437829457,121,73,62,322,578,20.93425605536332,12.629757785467127,10.726643598615917,55.70934256055363,0.7906574394463668,
Basler_G03_acA2040-90um (24827095)_20250823_174448601DLC_Resnet50_Group_AnalysisSep5shuffle1_snapshot_best-180_el.csv,2025-08-23,3,Feces/Nothing,Nothing,Feces,individual_c03,49.37552039966695,0.9721160940134908,593,1201,49.37552039966695,9.564516129032258,49,1,62,Poor,7.2181924753348286,122.20242243323273,0.0011601595548494984,3.1444287988235438,13.239608401805478,2136.5849726991096,59.78348439426646,0.027980859716870074,3.609096237667415,0.20194028243134854,-0.003535605765677859,10.426231681431606,10.89231076452898,108,98,86,300,592,18.243243243243242,16.554054054054053,14.527027027027026,50.67567567567568,0.8175675675675675,
Basler_G09_acA2040-90um (24827095)_20250830_144838281DLC_Resnet50_Group_AnalysisSep5shuffle1_snapshot_best-180_el.csv,2025-08-30,9,Feces/Nothing,Nothing,Feces,individual_c01,51.294903926482874,0.9666235112988599,614,1197,51.294903926482874,4.582089552238806,32,1,134,Low,17.45386408073378,123.48419815431734,0.00774025754342239,6.113528609582561,28.676221284895092,5349.609340744903,51.25222026292621,0.00958055383083162,8.72693204036689,-0.16111641223545659,-0.04475774433862296,28.297026649651148,18.0613775655115,80,93,68,372,613,13.050570962479608,15.171288743882544,11.092985318107667,60.685154975530175,0.8694942903752039,
Basler_G09_acA2040-90um (24827095)_20250830_144838281DLC_Resnet50_Group_AnalysisSep5shuffle1_snapshot_best-180_el.csv,2025-08-30,9,Feces/Nothing,Nothing,Feces,individual_c02,29.406850459482037,0.9675417813387784,352,1197,29.406850459482037,5.333333333333333,17,1,66,Poor,14.872938587042304,117.80746769897742,0.0048108307994566115,4.024319893817924,27.230740086234363,2610.2007220259243,51.02996356394724,0.019550206669294,7.436469293521151,-0.281539668578853,-0.07267764335635417,23.17540175875674,20.628468546001436,65,49,46,191,351,18.51851851851852,13.96011396011396,13.105413105413104,54.41595441595442,0.8148148148148148,
Basler_G09_acA2040-90um (24827095)_20250830_144838281DLC_Resnet50_Group_AnalysisSep5shuffle1_snapshot_best-180_el.csv,2025-08-30,9,Feces/Nothing,Nothing,Feces,individual_c00,53.63408521303258,0.9686838310455608,642,1197,53.63408521303258,4.397260273972603,21,1,146,Low,19.048244199352528,122.24750626165748,0.005301233632067438,8.234474911070885,28.814726762121424,6104.962265892485,21.93096572015525,0.003592317980846546,9.524122099676264,0.020560284778857622,0.06526543447427785,26.613747554145622,22.018806604260924,73,67,71,430,641,11.388455538221528,10.452418096723868,11.076443057722308,67.08268330733229,0.8861154446177847,
Basler_G09_acA2040-90um (24827095)_20250830_144838281DLC_Resnet50_Group_AnalysisSep5shuffle1_snapshot_best-180_el.csv,2025-08-30,9,Feces/Nothing,Nothing,Feces,individual_c04,17.20969089390142,0.9806062272451457,206,1197,17.20969089390142,9.80952380952381,28,1,21,Poor,6.845260299530039,116.41509956837653,0.005193350815075903,0.7207109064752393,17.476676285689155,701.639180701829,15.181251829936901,0.021636835922919158,3.4226301497650193,0.05670872066909837,-0.13682333916321848,16.665067741234378,8.633966830954437,60,47,34,64,205,29.268292682926827,22.926829268292686,16.585365853658537,31.21951219512195,0.7073170731707317,
Basler_G09_acA2040-90um (24827095)_20250830_144838281DLC_Resnet50_Group_AnalysisSep5shuffle1_snapshot_best-180_el.csv,2025-08-30,9,Feces/Nothing,Nothing,Feces,individual_c03,22.22222222222222,0.9561427984022557,266,1197,22.22222222222222,5.018867924528302,21,1,53,Poor,11.887259347054226,115.78185747042804,0.0017186287539044613,3.1546221005530164,22.711509916752206,1575.0618634846849,50.87410913913897,0.03229975299292976,5.943629673527113,0.3695334216012465,-0.10424446044263805,21.376472400181793,14.142794043254485,42,42,46,135,265,15.849056603773585,15.849056603773585,17.358490566037734,50.943396226415096,0.8415094339622642,
Basler_G10_acA2040-90um (24827095)_20250831_150526766DLC_Resnet50_Group_AnalysisSep5shuffle1_snapshot_best-180_el.csv,2025-08-31,10,Feces/Nothing,Feces,Nothing,individual_c01,41.04912572855953,0.9632224185471603,493,1201,41.04912572855953,7.825396825396825,37,1,63,Poor,11.005090564498381,121.91293540449415,0.009935459251554745,4.5244640164365215,20.201042504837414,2707.252278866603,7.105419770536798,0.0026245872340761303,5.502545282249193,0.01009494723897078,-0.0270622820527433,16.11543049369431,16.41603491537762,25,50,85,332,492,5.08130081300813,10.16260162601626,17.276422764227643,67.47967479674797,0.9491869918699187,
Basler_G10_acA2040-90um (24827095)_20250831_150526766DLC_Resnet50_Group_AnalysisSep5shuffle1_snapshot_best-180_el.csv,2025-08-31,10,Feces/Nothing,Feces,Nothing,individual_c02,62.031640299750215,0.957575896602349,745,1201,62.031640299750215,7.45,29,1,100,Low,12.907476909441513,123.24815942173917,0.001013617215249066,3.7302932175015844,24.913298083462788,4801.581410312242,59.58396348903905,0.0124092373735603,6.453738454720756,-0.14973569319178606,-0.05687067878594237,22.52239785722802,16.73294120207341,93,133,114,404,744,12.5,17.876344086021508,15.32258064516129,54.3010752688172,0.875,
Basler_G10_acA2040-90um (24827095)_20250831_150526766DLC_Resnet50_Group_AnalysisSep5shuffle1_snapshot_best-180_el.csv,2025-08-31,10,Feces/Nothing,Feces,Nothing,individual_c00,62.614487926727726,0.9668663511884973,752,1201,62.614487926727726,8.173913043478262,35,1,92,Low,14.127481108074528,123.5948820161365,0.0027741140026779167,4.371068067333108,25.812036258833835,5304.869156081986,41.324277038532855,0.007789876775971926,7.063740554037265,-0.10932080619163323,-0.012659309072278723,22.536858046239235,18.918902092702016,32,60,131,528,751,4.26098535286285,7.989347536617843,17.44340878828229,70.30625832223701,0.9573901464713716,
Basler_G10_acA2040-90um (24827095)_20250831_150526766DLC_Resnet50_Group_AnalysisSep5shuffle1_snapshot_best-180_el.csv,2025-08-31,10,Feces/Nothing,Feces,Nothing,individual_c04,54.70441298917569,0.9628304259417808,657,1201,54.70441298917569,8.532467532467532,85,1,77,Low,10.908774656940317,124.67861617683657,0.0011141624473302132,3.7961910429937085,22.64565216729195,3578.078087476424,15.282241410481857,0.004271075431240865,5.454387328470159,-0.013426391920561503,-0.04461574886734067,18.13314321612033,17.40729366870394,59,92,119,386,656,8.99390243902439,14.02439024390244,18.140243902439025,58.84146341463414,0.9100609756097561,
Basler_G10_acA2040-90um (24827095)_20250831_150526766DLC_Resnet50_Group_AnalysisSep5shuffle1_snapshot_best-180_el.csv,2025-08-31,10,Feces/Nothing,Feces,Nothing,individual_c03,47.460449625312236,0.9498817845394737,570,1201,47.460449625312236,5.480769230769231,45,1,104,Poor,13.593123571181396,123.56066137727349,0.005909069270113893,4.463376382350564,24.864514876351798,3867.243656001107,58.825465784682045,0.015211212692377924,6.796561785590697,-0.19441023933627116,-0.07041037384960305,20.228914582302814,19.84352212480736,46,74,99,350,569,8.084358523725834,13.005272407732866,17.398945518453427,61.511423550087876,0.9191564147627417,
Basler_G01_acA2040-90um (24827095)_20250821_162405597DLC_Resnet50_Group_AnalysisSep5shuffle1_snapshot_best-180_el.csv,2025-08-21,1,Iso/Nothing,Iso,Nothing,individual_c01,76.26977518734388,0.9794506089656113,916,1201,76.26977518734388,8.893203883495145,71,1,103,Medium,9.568905126014702,125.9026862947771,0.0030548204896490593,2.4054371786767277,21.61028706931586,4377.774095151727,54.57463211347924,0.012466297010144779,4.784452563007351,-0.1185850943000311,-0.012938176199014462,16.047369750403085,17.35039327513256,198,172,114,431,915,21.639344262295083,18.797814207650273,12.459016393442624,47.10382513661202,0.7836065573770492,
Basler_G01_acA2040-90um (24827095)_20250821_162405597DLC_Resnet50_Group_AnalysisSep5shuffle1_snapshot_best-180_el.csv,2025-08-21,1,Iso/Nothing,Iso,Nothing,individual_c02,70.52456286427977,0.9759508513503542,847,1201,70.52456286427977,7.63063063063063,44,1,111,Medium,10.979565093937914,119.70976045080513,0.003432230209848315,3.968981999387089,22.350262944636984,4644.356034735739,6.452950679405577,0.001389417742985922,5.489782546968958,-0.007743075344056014,0.013144047668518939,18.567424283010922,16.59324037431762,147,132,94,473,846,17.375886524822697,15.602836879432624,11.11111111111111,55.910165484633566,0.8262411347517731,
Basler_G01_acA2040-90um (24827095)_20250821_162405597DLC_Resnet50_Group_AnalysisSep5shuffle1_snapshot_best-180_el.csv,2025-08-21,1,Iso/Nothing,Iso,Nothing,individual_c00,58.61781848459617,0.9709833318536932,704,1201,58.61781848459617,3.171171171171171,21,1,222,Low,23.07118807839117,125.9026862947771,0.0032372243884594212,8.994809203511446,31.943282809424243,8109.522609554495,58.483307041021725,0.007211683086266722,11.535594039195583,0.14221693262581986,-0.08635592756172548,26.3996436964266,29.25207968146761,52,64,52,535,703,7.396870554765292,9.103840682788052,7.396870554765292,76.10241820768137,0.9260312944523471,
Basler_G01_acA2040-90um (24827095)_20250821_162405597DLC_Resnet50_Group_AnalysisSep5shuffle1_snapshot_best-180_el.csv,2025-08-21,1,Iso/Nothing,Iso,Nothing,individual_c04,63.94671107410491,0.9797350565592448,768,1201,63.94671107410491,13.963636363636363,124,1,55,Low,4.593908136058067,121.16547011987033,0.001263607944625369,0.16183540440400293,12.559367241466777,1761.7637701782685,45.13584517251373,0.025619692002149953,2.2969540680290335,0.10616716003702174,0.05079893871356397,9.289326495113988,9.619576848162184,336,138,51,242,767,43.807040417209905,17.992177314211215,6.6492829204693615,31.55149934810952,0.5619295958279009,
Basler_G01_acA2040-90um (24827095)_20250821_162405597DLC_Resnet50_Group_AnalysisSep5shuffle1_snapshot_best-180_el.csv,2025-08-21,1,Iso/Nothing,Iso,Nothing,individual_c03,58.5345545378851,0.9783767114153628,703,1201,58.5345545378851,10.18840579710145,65,1,69,Low,6.582833246573887,122.74297982284531,0.0005257858423330647,1.0234854796707085,15.926864632560465,2310.574469547434,58.604058349661614,0.025363414649492006,3.2914166232869433,0.09426546698427789,-0.1378067786682899,12.482605573416656,11.88088346833259,191,158,93,260,702,27.20797720797721,22.507122507122507,13.247863247863249,37.03703703703704,0.7279202279202279,
Basler_G08_acA2040-90um (24827095)_20250829_132827504DLC_Resnet50_Group_AnalysisSep5shuffle1_snapshot_best-180_el.csv,2025-08-29,8,Iso/Nothing,Iso,Nothing,individual_c01,45.87843463780183,0.9516796520530852,551,1201,45.87843463780183,6.333333333333333,42,1,87,Poor,7.058042763672531,125.5702340057214,0.0028294120988399747,1.0129146288406856,17.101075835135806,1940.9617600099457,58.02186441312779,0.029893357823201256,3.529021381836265,0.1777566151804737,0.11366078562550733,14.762526165933906,11.148366130719927,158,117,60,215,550,28.72727272727273,21.272727272727273,10.909090909090908,39.09090909090909,0.7127272727272728,
Basler_G08_acA2040-90um (24827095)_20250829_132827504DLC_Resnet50_Group_AnalysisSep5shuffle1_snapshot_best-180_el.csv,2025-08-29,8,Iso/Nothing,Iso,Nothing,individual_c02,66.44462947543714,0.9507307086074561,798,1201,66.44462947543714,9.614457831325302,85,1,83,Low,8.816238407603434,123.75246739156569,0.0008310402861325475,0.09640507437107047,22.328875496650056,3513.2710054299687,22.305739326787624,0.006348994794968216,4.408119203801717,0.004815648118747411,0.05576671402735144,18.46625014985404,15.33946586067314,403,92,52,250,797,50.56461731493099,11.543287327478042,6.524466750313676,31.367628607277293,0.49435382685069007,
Basler_G08_acA2040-90um (24827095)_20250829_132827504DLC_Resnet50_Group_AnalysisSep5shuffle1_snapshot_best-180_el.csv,2025-08-29,8,Iso/Nothing,Iso,Nothing,individual_c00,57.20233139050791,0.9511448667212519,687,1201,57.20233139050791,7.806818181818182,56,1,88,Low,7.613371180137117,126.53562526975655,0.0025869909227427025,0.1511506067441876,19.415157138090585,2611.386314787031,14.57841763127222,0.005582635379806357,3.806685590068558,0.0017487503299610943,0.0424666843628793,16.10364061369125,13.250762239620688,308,112,42,224,686,44.89795918367347,16.3265306122449,6.122448979591836,32.6530612244898,0.5510204081632653,
Basler_G08_acA2040-90um (24827095)_20250829_132827504DLC_Resnet50_Group_AnalysisSep5shuffle1_snapshot_best-180_el.csv,2025-08-29,8,Iso/Nothing,Iso,Nothing,individual_c04,42.298084929225645,0.9437717227485236,508,1201,42.298084929225645,4.703703703703703,55,1,108,Poor,16.208315084880926,126.94775987698907,0.00468764994180348,5.152264131126043,26.86466950894443,4108.807874017315,51.134315327215454,0.012445049000847969,8.104157542440463,-0.10335460801499434,0.17322260388255842,21.20201485233021,23.126906919682593,116,51,32,308,507,22.879684418145956,10.059171597633137,6.31163708086785,60.74950690335306,0.7712031558185405,
Basler_G08_acA2040-90um (24827095)_20250829_132827504DLC_Resnet50_Group_AnalysisSep5shuffle1_snapshot_best-180_el.csv,2025-08-29,8,Iso/Nothing,Iso,Nothing,individual_c03,61.94837635303914,0.9447087113575269,744,1201,61.94837635303914,6.2,49,1,120,Low,13.180429700578069,123.20217925836023,0.0015608535577886448,3.749671137930775,25.727145484375598,4896.529633764751,60.542277128711476,0.012364323644900086,6.5902148502890325,0.14112997614312833,0.08148990771193336,20.949268480108113,19.917613655737778,189,99,61,394,743,25.437415881561236,13.324360699865412,8.209959623149395,53.02826379542396,0.7456258411843876,
Basler_G07_acA2040-90um (24827095)_20250828_130547622DLC_Resnet50_Group_AnalysisSep5shuffle1_snapshot_best-180_el.csv,2025-08-28,7,Iso/Nothing,Iso,Nothing,individual_c01,62.031640299750215,0.9635565226510067,745,1201,62.031640299750215,6.313559322033898,33,1,118,Low,10.182874205570357,118.68888751191032,0.011370860273656722,2.744971855250405,20.544010672784438,3788.0292044721728,34.88468790616519,0.009209191910395013,5.091437102785179,-0.05348511445357485,0.07702784384450607,16.144939292031168,16.2812604831562,71,175,138,360,744,9.543010752688172,23.521505376344088,18.548387096774192,48.38709677419355,0.9045698924731183,
Basler_G07_acA2040-90um (24827095)_20250828_130547622DLC_Resnet50_Group_AnalysisSep5shuffle1_snapshot_best-180_el.csv,2025-08-28,7,Iso/Nothing,Iso,Nothing,individual_c02,67.8601165695254,0.9671485573236196,815,1201,67.8601165695254,11.013513513513514,63,1,74,Low,5.5852746081446885,99.86211318853115,0.0023020459411996165,1.1443295108222442,13.031353622737003,2273.2067655148885,41.069584761794154,0.018066805617874257,2.7926373040723442,0.09112355482289555,0.04334670093947442,10.591587504574242,9.424413052462597,112,273,157,272,814,13.75921375921376,33.53808353808354,19.28746928746929,33.415233415233416,0.8624078624078624,
Basler_G07_acA2040-90um (24827095)_20250828_130547622DLC_Resnet50_Group_AnalysisSep5shuffle1_snapshot_best-180_el.csv,2025-08-28,7,Iso/Nothing,Iso,Nothing,individual_c00,69.35886761032472,0.952311393307323,833,1201,69.35886761032472,7.712962962962963,41,1,108,Low,9.308327339670079,120.12343895381336,0.0010899483811384106,0.5729678288447868,21.593384932857166,3872.2641733027535,20.918601813785113,0.005402162889094186,4.654163669835041,0.037787175440526205,0.033177111175034094,18.22741694072091,14.855233885697627,256,208,94,274,832,30.76923076923077,25.0,11.298076923076923,32.93269230769231,0.6923076923076923,
Basler_G07_acA2040-90um (24827095)_20250828_130547622DLC_Resnet50_Group_AnalysisSep5shuffle1_snapshot_best-180_el.csv,2025-08-28,7,Iso/Nothing,Iso,Nothing,individual_c04,50.62447960033306,0.9580487703022204,608,1201,50.62447960033306,7.152941176470589,56,1,85,Low,7.798010295222328,120.33042045618792,0.0018193947382441809,1.2544613573258823,17.81775350140238,2366.6961245999764,2.8435630888549768,0.0012014905755319987,3.8990051476111636,-0.0035156479833489715,0.008684630112301278,14.460736279717517,13.006472345221463,118,165,101,223,607,19.43986820428336,27.182866556836906,16.639209225700164,36.73805601317957,0.8056013179571664,
Basler_G07_acA2040-90um (24827095)_20250828_130547622DLC_Resnet50_Group_AnalysisSep5shuffle1_snapshot_best-180_el.csv,2025-08-28,7,Iso/Nothing,Iso,Nothing,individual_c03,54.70441298917569,0.9574058219178082,657,1201,54.70441298917569,7.6395348837209305,63,1,86,Low,5.938656389976215,118.52268035580484,0.0017667912251179295,0.8506163161623285,13.332322434302457,1947.8792959121986,26.914937313550524,0.01381755911161126,2.969328194988108,0.01951872928632678,0.07970251688143104,10.192988144419283,10.445799176039507,126,224,99,207,656,19.20731707317073,34.146341463414636,15.091463414634147,31.554878048780488,0.8079268292682927,
Basler_G04_acA2040-90um (24827095)_20250822_173238702DLC_Resnet50_Group_AnalysisSep5shuffle1_snapshot_best-180_el.csv,2025-08-22,4,Feces/Nothing,Feces,Nothing,individual_c01,55.87010824313072,0.9698793777943369,671,1201,55.87010824313072,9.450704225352112,99,1,71,Low,11.251179663526031,122.13190110712044,0.00038374862382577755,1.340350953327765,24.23662466782549,3769.1451872812204,48.01534376149175,0.012739053916924445,5.6255898317630155,-0.13148805663021387,-0.05704562547110298,20.471614947845566,17.172520409791716,235,82,65,288,670,35.07462686567165,12.238805970149254,9.701492537313433,42.98507462686567,0.6492537313432836,
Basler_G04_acA2040-90um (24827095)_20250822_173238702DLC_Resnet50_Group_AnalysisSep5shuffle1_snapshot_best-180_el.csv,2025-08-22,4,Feces/Nothing,Feces,Nothing,individual_c02,37.80183180682764,0.9666968526294053,454,1201,37.80183180682764,5.536585365853658,26,1,82,Poor,13.354837932620827,119.21021117614569,0.003705582817020555,5.717099891708771,24.29409209637302,3024.8707917386178,16.01013741099043,0.00529283348390171,6.677418966310414,0.019763952548178303,-0.06786564658846793,19.762326701664712,19.44222348319463,87,49,35,282,453,19.205298013245034,10.816777041942604,7.72626931567329,62.251655629139066,0.8079470198675497,
Basler_G04_acA2040-90um (24827095)_20250822_173238702DLC_Resnet50_Group_AnalysisSep5shuffle1_snapshot_best-180_el.csv,2025-08-22,4,Feces/Nothing,Feces,Nothing,individual_c00,50.041631973355535,0.965525393874792,601,1201,50.041631973355535,6.13265306122449,30,1,98,Low,16.864228710320226,120.90031704497326,0.0033433543992945625,5.889069067314091,28.432970592256005,5059.268613096069,23.931768777402056,0.004730282301171744,8.432114355160115,-0.06699560256231386,-0.043304168156215045,26.27675171699403,20.058962641068778,108,72,55,365,600,18.0,12.0,9.166666666666666,60.83333333333333,0.82,
Basler_G04_acA2040-90um (24827095)_20250822_173238702DLC_Resnet50_Group_AnalysisSep5shuffle1_snapshot_best-180_el.csv,2025-08-22,4,Feces/Nothing,Feces,Nothing,individual_c04,42.464612822647794,0.9625268075980392,510,1201,42.464612822647794,4.857142857142857,28,1,105,Poor,19.848760243741182,121.55412541335123,0.0020193603163973376,7.278743442831661,31.644914190073575,5051.509482032131,12.835205683912196,0.0025408654046015617,9.92438012187059,0.044694076653715095,-0.023365141734493677,26.86399825863165,25.955672431677435,99,62,29,319,509,19.44990176817289,12.180746561886052,5.697445972495088,62.67190569744597,0.8055009823182712,
Basler_G04_acA2040-90um (24827095)_20250822_173238702DLC_Resnet50_Group_AnalysisSep5shuffle1_snapshot_best-180_el.csv,2025-08-22,4,Feces/Nothing,Feces,Nothing,individual_c03,32.97252289758534,0.9624109749842171,396,1201,32.97252289758534,8.081632653061224,54,1,49,Poor,5.936338474087955,111.22453280638278,0.003913660707641998,1.2195043051177201,14.022548150396318,1172.4268486323708,51.63443565770632,0.04404064587734202,2.968169237043977,-0.057579203324550736,0.2550207900311158,11.01037870556209,10.515473403571587,103,87,55,150,395,26.075949367088608,22.025316455696203,13.924050632911392,37.9746835443038,0.739240506329114,
